{"cameraMode":{"drawMode":0,"name":"Shaded","section":"Shading Mode"},"sceneLighting":false,"audioPlay":false,"sceneViewState":{"showFog":true,"showMaterialUpdate":false,"showSkybox":true,"showFlares":true,"showImageEffects":true,"showParticleSystems":true},"in2DMode":false,"pivot":{"x":4.039763927459717,"y":-0.2999992370605469,"z":-0.75},"rotation":{"x":0.008270923979580403,"y":-0.9868618845939636,"z":0.1521790623664856,"w":0.05363577604293823},"size":66.95848846435547,"orthographic":true}